"i","x","y"
544,-0.3828125,-0.3125
427,-0.37890625,-0.31640625
545,-0.37890625,-0.3125
753,-0.375,-0.31640625
919,-0.375,-0.3125
521,-0.41015625,-0.2890625
558,-0.40625,-0.29296875
564,-0.40625,-0.2890625
523,-0.41015625,-0.28515625
566,-0.40625,-0.28515625
608,-0.4140625,-0.28125
609,-0.41015625,-0.28125
537,-0.39453125,-0.3046875
542,-0.390625,-0.30859375
548,-0.390625,-0.3046875
535,-0.40234375,-0.30078125
536,-0.3984375,-0.3046875
538,-0.3984375,-0.30078125
557,-0.40234375,-0.296875
560,-0.3984375,-0.296875
539,-0.39453125,-0.30078125
541,-0.38671875,-0.3125
543,-0.38671875,-0.30859375
546,-0.3828125,-0.30859375
559,-0.40234375,-0.29296875
610,-0.4140625,-0.27734375
611,-0.41015625,-0.27734375
616,-0.4140625,-0.2734375
617,-0.41015625,-0.2734375
615,-0.41796875,-0.26953125
618,-0.4140625,-0.26953125
637,-0.41796875,-0.265625
640,-0.4140625,-0.265625
639,-0.41796875,-0.26171875
642,-0.4140625,-0.26171875
645,-0.41796875,-0.2578125
648,-0.4140625,-0.2578125
647,-0.41796875,-0.25390625
650,-0.4140625,-0.25390625
1614,-0.41796875,-0.25
1617,-0.4140625,-0.25
754,-0.37109375,-0.31640625
755,-0.3671875,-0.3203125
757,-0.3671875,-0.31640625
920,-0.37109375,-0.3125
756,-0.36328125,-0.3203125
758,-0.36328125,-0.31640625
767,-0.359375,-0.3203125
769,-0.359375,-0.31640625
768,-0.35546875,-0.3203125
770,-0.35546875,-0.31640625
771,-0.3515625,-0.3203125
773,-0.3515625,-0.31640625
772,-0.34765625,-0.3203125
774,-0.34765625,-0.31640625
813,-0.34375,-0.3203125
815,-0.34375,-0.31640625
814,-0.33984375,-0.3203125
816,-0.33984375,-0.31640625
817,-0.3359375,-0.3203125
819,-0.3359375,-0.31640625
818,-0.33203125,-0.3203125
820,-0.33203125,-0.31640625
829,-0.328125,-0.3203125
831,-0.328125,-0.31640625
830,-0.32421875,-0.3203125
832,-0.32421875,-0.31640625
833,-0.3203125,-0.3203125
835,-0.3203125,-0.31640625
834,-0.31640625,-0.3203125
836,-0.31640625,-0.31640625
865,-0.3125,-0.3203125
867,-0.3125,-0.31640625
866,-0.30859375,-0.3203125
868,-0.30859375,-0.31640625
871,-0.3046875,-0.31640625
1032,-0.3046875,-0.3125
872,-0.30078125,-0.31640625
1033,-0.30078125,-0.3125
883,-0.296875,-0.31640625
1044,-0.296875,-0.3125
884,-0.29296875,-0.31640625
1045,-0.29296875,-0.3125
1048,-0.2890625,-0.3125
1050,-0.2890625,-0.30859375
1049,-0.28515625,-0.3125
1051,-0.28515625,-0.30859375
1073,-0.28125,-0.3125
1075,-0.28125,-0.30859375
1076,-0.27734375,-0.30859375
1082,-0.27734375,-0.3046875
1079,-0.2734375,-0.30859375
1085,-0.2734375,-0.3046875
1080,-0.26953125,-0.30859375
1086,-0.26953125,-0.3046875
1097,-0.265625,-0.3046875
1099,-0.265625,-0.30078125
1098,-0.26171875,-0.3046875
1100,-0.26171875,-0.30078125
1101,-0.2578125,-0.3046875
1103,-0.2578125,-0.30078125
1104,-0.25390625,-0.30078125
1122,-0.25390625,-0.296875
1167,-0.25,-0.30078125
1184,-0.25,-0.296875
1185,-0.24609375,-0.296875
1187,-0.24609375,-0.29296875
1188,-0.2421875,-0.296875
1190,-0.2421875,-0.29296875
1191,-0.23828125,-0.29296875
1197,-0.23828125,-0.2890625
1202,-0.234375,-0.29296875
1208,-0.234375,-0.2890625
1209,-0.23046875,-0.2890625
1211,-0.23046875,-0.28515625
1212,-0.2265625,-0.2890625
1214,-0.2265625,-0.28515625
1215,-0.22265625,-0.28515625
1262,-0.22265625,-0.28125
1230,-0.21875,-0.28515625
1276,-0.21875,-0.28125
1277,-0.21484375,-0.28125
1279,-0.21484375,-0.27734375
1280,-0.2109375,-0.28125
1282,-0.2109375,-0.27734375
1283,-0.20703125,-0.27734375
1289,-0.20703125,-0.2734375
1300,-0.203125,-0.2734375
1302,-0.203125,-0.26953125
1301,-0.19921875,-0.2734375
1303,-0.19921875,-0.26953125
1306,-0.1953125,-0.26953125
1324,-0.1953125,-0.265625
1325,-0.19140625,-0.265625
1327,-0.19140625,-0.26171875
1357,-0.1875,-0.265625
1359,-0.1875,-0.26171875
1360,-0.18359375,-0.26171875
1366,-0.18359375,-0.2578125
1369,-0.1796875,-0.2578125
1371,-0.1796875,-0.25390625
1370,-0.17578125,-0.2578125
1372,-0.17578125,-0.25390625
1383,-0.171875,-0.25390625
2412,-0.171875,-0.25
2413,-0.16796875,-0.25
1447,-0.00390625,-0.328125
4512,0,-0.33203125
4528,0,-0.328125
1449,-0.00390625,-0.32421875
4530,0,-0.32421875
1455,-0.00390625,-0.3203125
4536,0,-0.3203125
1456,-0.0078125,-0.31640625
1457,-0.00390625,-0.31640625
1476,-0.0078125,-0.3125
1477,-0.00390625,-0.3125
1481,-0.01171875,-0.3046875
1478,-0.0078125,-0.30859375
1484,-0.0078125,-0.3046875
1479,-0.00390625,-0.30859375
1483,-0.01171875,-0.30078125
1486,-0.0078125,-0.30078125
1505,-0.01171875,-0.296875
1508,-0.0078125,-0.296875
1538,-0.01953125,-0.28125
1514,-0.015625,-0.28515625
1549,-0.015625,-0.28125
1506,-0.015625,-0.29296875
1507,-0.01171875,-0.29296875
1512,-0.015625,-0.2890625
1513,-0.01171875,-0.2890625
1515,-0.01171875,-0.28515625
1540,-0.01953125,-0.27734375
1551,-0.015625,-0.27734375
1546,-0.01953125,-0.2734375
1557,-0.015625,-0.2734375
1548,-0.01953125,-0.26953125
1559,-0.015625,-0.26953125
1568,-0.0234375,-0.265625
1569,-0.01953125,-0.265625
1570,-0.0234375,-0.26171875
1571,-0.01953125,-0.26171875
1576,-0.0234375,-0.2578125
1577,-0.01953125,-0.2578125
2663,-0.02734375,-0.25
1578,-0.0234375,-0.25390625
2666,-0.0234375,-0.25
1579,-0.01953125,-0.25390625
1616,-0.41796875,-0.24609375
1619,-0.4140625,-0.24609375
1625,-0.4140625,-0.2421875
1626,-0.41015625,-0.2421875
1627,-0.4140625,-0.23828125
1628,-0.41015625,-0.23828125
1647,-0.4140625,-0.234375
1648,-0.41015625,-0.234375
1649,-0.4140625,-0.23046875
1650,-0.41015625,-0.23046875
1656,-0.41015625,-0.2265625
1688,-0.40625,-0.2265625
1658,-0.41015625,-0.22265625
1690,-0.40625,-0.22265625
1723,-0.41015625,-0.21875
1753,-0.40625,-0.21875
1755,-0.40625,-0.21484375
1756,-0.40234375,-0.21484375
1761,-0.40625,-0.2109375
1762,-0.40234375,-0.2109375
1763,-0.40625,-0.20703125
1764,-0.40234375,-0.20703125
1784,-0.40234375,-0.203125
1787,-0.3984375,-0.203125
1786,-0.40234375,-0.19921875
1789,-0.3984375,-0.19921875
1795,-0.3984375,-0.1953125
1796,-0.39453125,-0.1953125
1798,-0.39453125,-0.19140625
1809,-0.390625,-0.19140625
1834,-0.39453125,-0.1875
1845,-0.390625,-0.1875
1847,-0.390625,-0.18359375
1848,-0.38671875,-0.18359375
1853,-0.390625,-0.1796875
1854,-0.38671875,-0.1796875
1856,-0.38671875,-0.17578125
1859,-0.3828125,-0.17578125
1876,-0.3828125,-0.171875
1877,-0.37890625,-0.171875
1879,-0.37890625,-0.16796875
1954,-0.375,-0.16796875
1885,-0.37890625,-0.1640625
1960,-0.375,-0.1640625
1962,-0.375,-0.16015625
1963,-0.37109375,-0.16015625
1984,-0.37109375,-0.15625
1987,-0.3671875,-0.15625
1989,-0.3671875,-0.15234375
1990,-0.36328125,-0.15234375
1996,-0.36328125,-0.1484375
2007,-0.359375,-0.1484375
2009,-0.359375,-0.14453125
2010,-0.35546875,-0.14453125
2029,-0.359375,-0.140625
2030,-0.35546875,-0.140625
2032,-0.35546875,-0.13671875
2035,-0.3515625,-0.13671875
2041,-0.3515625,-0.1328125
2042,-0.34765625,-0.1328125
2044,-0.34765625,-0.12890625
2066,-0.34375,-0.12890625
2112,-0.34375,-0.125
2113,-0.33984375,-0.125
2115,-0.33984375,-0.12109375
2116,-0.3359375,-0.125
2118,-0.3359375,-0.12109375
2119,-0.33203125,-0.12109375
2125,-0.33203125,-0.1171875
2136,-0.328125,-0.1171875
2138,-0.328125,-0.11328125
2139,-0.32421875,-0.11328125
2159,-0.32421875,-0.109375
2162,-0.3203125,-0.109375
2164,-0.3203125,-0.10546875
2165,-0.31640625,-0.10546875
2171,-0.31640625,-0.1015625
2210,-0.3125,-0.1015625
2212,-0.3125,-0.09765625
2211,-0.30859375,-0.1015625
2213,-0.30859375,-0.09765625
2216,-0.3046875,-0.09765625
2237,-0.3046875,-0.09375
2238,-0.30078125,-0.09375
2240,-0.30078125,-0.08984375
2251,-0.296875,-0.08984375
2257,-0.296875,-0.0859375
2258,-0.29296875,-0.0859375
2260,-0.29296875,-0.08203125
2261,-0.2890625,-0.0859375
2263,-0.2890625,-0.08203125
2264,-0.28515625,-0.08203125
2279,-0.28515625,-0.078125
2305,-0.28125,-0.078125
2307,-0.28125,-0.07421875
2306,-0.27734375,-0.078125
2308,-0.27734375,-0.07421875
2311,-0.2734375,-0.07421875
2317,-0.2734375,-0.0703125
2318,-0.26953125,-0.0703125
2320,-0.26953125,-0.06640625
2329,-0.265625,-0.0703125
2331,-0.265625,-0.06640625
2332,-0.26171875,-0.06640625
2358,-0.26171875,-0.0625
2361,-0.2578125,-0.0625
2363,-0.2578125,-0.05859375
2362,-0.25390625,-0.0625
2364,-0.25390625,-0.05859375
3073,-0.25,-0.05859375
3079,-0.25,-0.0546875
2415,-0.16796875,-0.24609375
2416,-0.1640625,-0.25
2418,-0.1640625,-0.24609375
2419,-0.16015625,-0.24609375
2425,-0.16015625,-0.2421875
2448,-0.15625,-0.2421875
2450,-0.15625,-0.23828125
2451,-0.15234375,-0.23828125
2466,-0.15234375,-0.234375
2469,-0.1484375,-0.234375
2471,-0.1484375,-0.23046875
2470,-0.14453125,-0.234375
2472,-0.14453125,-0.23046875
2483,-0.140625,-0.23046875
2489,-0.140625,-0.2265625
2490,-0.13671875,-0.2265625
2492,-0.13671875,-0.22265625
2495,-0.1328125,-0.22265625
2513,-0.1328125,-0.21875
2514,-0.12890625,-0.21875
2516,-0.12890625,-0.21484375
2558,-0.125,-0.21484375
2564,-0.125,-0.2109375
2565,-0.12109375,-0.2109375
2567,-0.12109375,-0.20703125
2568,-0.1171875,-0.2109375
2570,-0.1171875,-0.20703125
2571,-0.11328125,-0.20703125
2591,-0.11328125,-0.203125
2600,-0.109375,-0.203125
2602,-0.109375,-0.19921875
2603,-0.10546875,-0.19921875
2609,-0.10546875,-0.1953125
2612,-0.1015625,-0.1953125
2614,-0.1015625,-0.19140625
2615,-0.09765625,-0.19140625
2789,-0.09765625,-0.1875
2802,-0.09375,-0.1875
2665,-0.02734375,-0.24609375
2668,-0.0234375,-0.24609375
2671,-0.02734375,-0.2421875
2674,-0.0234375,-0.2421875
2673,-0.02734375,-0.23828125
2676,-0.0234375,-0.23828125
2688,-0.03125,-0.234375
2689,-0.02734375,-0.234375
2690,-0.03125,-0.23046875
2691,-0.02734375,-0.23046875
2696,-0.03125,-0.2265625
2697,-0.02734375,-0.2265625
2698,-0.03125,-0.22265625
2699,-0.02734375,-0.22265625
2749,-0.03125,-0.21875
2750,-0.02734375,-0.21875
2717,-0.03515625,-0.21484375
2751,-0.03125,-0.21484375
2723,-0.03515625,-0.2109375
2757,-0.03125,-0.2109375
2725,-0.03515625,-0.20703125
2759,-0.03125,-0.20703125
2738,-0.03515625,-0.203125
2767,-0.03125,-0.203125
2740,-0.03515625,-0.19921875
2769,-0.03125,-0.19921875
2746,-0.03515625,-0.1953125
2773,-0.03125,-0.1953125
2747,-0.0390625,-0.19140625
2748,-0.03515625,-0.19140625
2907,-0.0390625,-0.1875
2908,-0.03515625,-0.1875
2804,-0.09375,-0.18359375
2805,-0.08984375,-0.18359375
2811,-0.08984375,-0.1796875
2814,-0.0859375,-0.1796875
2816,-0.0859375,-0.17578125
2817,-0.08203125,-0.17578125
2839,-0.08203125,-0.171875
2848,-0.078125,-0.171875
2850,-0.078125,-0.16796875
2851,-0.07421875,-0.16796875
2857,-0.07421875,-0.1640625
2860,-0.0703125,-0.1640625
2862,-0.0703125,-0.16015625
2863,-0.06640625,-0.16015625
2874,-0.06640625,-0.15625
2929,-0.0625,-0.16015625
2979,-0.0625,-0.15625
2909,-0.0390625,-0.18359375
2910,-0.03515625,-0.18359375
2915,-0.0390625,-0.1796875
2916,-0.03515625,-0.1796875
2936,-0.04296875,-0.171875
2917,-0.0390625,-0.17578125
2939,-0.0390625,-0.171875
2918,-0.03515625,-0.17578125
2980,-0.05859375,-0.15625
2938,-0.04296875,-0.16796875
2941,-0.0390625,-0.16796875
2944,-0.04296875,-0.1640625
2947,-0.0390625,-0.1640625
2946,-0.04296875,-0.16015625
2949,-0.0390625,-0.16015625
2995,-0.046875,-0.15625
2996,-0.04296875,-0.15625
2982,-0.05859375,-0.15234375
2983,-0.0546875,-0.15625
2985,-0.0546875,-0.15234375
2986,-0.05078125,-0.15234375
2997,-0.046875,-0.15234375
2992,-0.05078125,-0.1484375
3074,-0.24609375,-0.05859375
3080,-0.24609375,-0.0546875
3083,-0.2421875,-0.0546875
3085,-0.2421875,-0.05078125
3086,-0.23828125,-0.05078125
3106,-0.23828125,-0.046875
3095,-0.234375,-0.05078125
3115,-0.234375,-0.046875
3116,-0.23046875,-0.046875
3118,-0.23046875,-0.04296875
3119,-0.2265625,-0.046875
3121,-0.2265625,-0.04296875
3122,-0.22265625,-0.04296875
3128,-0.22265625,-0.0390625
3143,-0.21875,-0.04296875
3149,-0.21875,-0.0390625
3150,-0.21484375,-0.0390625
3152,-0.21484375,-0.03515625
3155,-0.2109375,-0.03515625
3190,-0.2109375,-0.03125
3156,-0.20703125,-0.03515625
3191,-0.20703125,-0.03125
3202,-0.203125,-0.03125
3204,-0.203125,-0.02734375
3203,-0.19921875,-0.03125
3205,-0.19921875,-0.02734375
3208,-0.1953125,-0.02734375
3214,-0.1953125,-0.0234375
3209,-0.19140625,-0.02734375
3215,-0.19140625,-0.0234375
3258,-0.1875,-0.0234375
3260,-0.1875,-0.01953125
3259,-0.18359375,-0.0234375
3261,-0.18359375,-0.01953125
3264,-0.1796875,-0.01953125
3284,-0.1796875,-0.015625
3265,-0.17578125,-0.01953125
3285,-0.17578125,-0.015625
3296,-0.171875,-0.015625
3298,-0.171875,-0.01171875
3299,-0.16796875,-0.01171875
3305,-0.16796875,-0.0078125
3308,-0.1640625,-0.0078125
3310,-0.1640625,-0.00390625
3311,-0.16015625,-0.00390625
7524,-0.16015625,0
7566,-0.15625,0
3554,0.1015625,-0.46875
3469,0.10546875,-0.47265625
3555,0.10546875,-0.46875
3480,0.109375,-0.47265625
3566,0.109375,-0.46875
3483,0.12109375,-0.4765625
3882,0.125,-0.48046875
3888,0.125,-0.4765625
3479,0.11328125,-0.4765625
3481,0.11328125,-0.47265625
3482,0.1171875,-0.4765625
3484,0.1171875,-0.47265625
3485,0.12109375,-0.47265625
3515,0.08984375,-0.4609375
3552,0.09375,-0.46484375
3558,0.09375,-0.4609375
3513,0.08203125,-0.45703125
3514,0.0859375,-0.4609375
3516,0.0859375,-0.45703125
3534,0.078125,-0.453125
3535,0.08203125,-0.453125
3517,0.08984375,-0.45703125
3525,0.07421875,-0.44921875
3536,0.078125,-0.44921875
3530,0.0703125,-0.4453125
3531,0.07421875,-0.4453125
3529,0.06640625,-0.44140625
3532,0.0703125,-0.44140625
3788,0.0625,-0.4375
3789,0.06640625,-0.4375
3551,0.09765625,-0.46875
3553,0.09765625,-0.46484375
3556,0.1015625,-0.46484375
3647,0.05859375,-0.43359375
3790,0.0625,-0.43359375
3652,0.0546875,-0.4296875
3653,0.05859375,-0.4296875
3651,0.05078125,-0.42578125
3654,0.0546875,-0.42578125
3672,0.046875,-0.421875
3673,0.05078125,-0.421875
3669,0.04296875,-0.4140625
3674,0.046875,-0.41796875
3680,0.046875,-0.4140625
3738,0.03515625,-0.40625
3670,0.0390625,-0.41015625
3741,0.0390625,-0.40625
3671,0.04296875,-0.41015625
3675,0.05078125,-0.41796875
3726,0.02734375,-0.390625
3747,0.03125,-0.39453125
3768,0.03125,-0.390625
3727,0.0234375,-0.38671875
3728,0.02734375,-0.38671875
3733,0.0234375,-0.3828125
3734,0.02734375,-0.3828125
3732,0.01953125,-0.37890625
3735,0.0234375,-0.37890625
4439,0.01953125,-0.375
4442,0.0234375,-0.375
3740,0.03515625,-0.40234375
3743,0.0390625,-0.40234375
3745,0.03125,-0.3984375
3746,0.03515625,-0.3984375
3748,0.03515625,-0.39453125
3883,0.12890625,-0.48046875
3889,0.12890625,-0.4765625
3886,0.1328125,-0.48046875
3892,0.1328125,-0.4765625
3887,0.13671875,-0.48046875
3893,0.13671875,-0.4765625
3898,0.140625,-0.48046875
3904,0.140625,-0.4765625
3899,0.14453125,-0.48046875
3905,0.14453125,-0.4765625
3902,0.1484375,-0.48046875
3908,0.1484375,-0.4765625
3909,0.15234375,-0.4765625
3911,0.15234375,-0.47265625
3944,0.15625,-0.4765625
3946,0.15625,-0.47265625
3945,0.16015625,-0.4765625
3947,0.16015625,-0.47265625
3950,0.1640625,-0.47265625
4030,0.1640625,-0.46875
3951,0.16796875,-0.47265625
4031,0.16796875,-0.46875
4042,0.171875,-0.46875
4044,0.171875,-0.46484375
4045,0.17578125,-0.46484375
4051,0.17578125,-0.4609375
4054,0.1796875,-0.4609375
4056,0.1796875,-0.45703125
4057,0.18359375,-0.45703125
4079,0.18359375,-0.453125
4147,0.1875,-0.453125
4081,0.18359375,-0.44921875
4149,0.1875,-0.44921875
4155,0.1875,-0.4453125
4156,0.19140625,-0.4453125
4158,0.19140625,-0.44140625
4161,0.1953125,-0.44140625
4248,0.19140625,-0.4375
4251,0.1953125,-0.4375
4250,0.19140625,-0.43359375
4253,0.1953125,-0.43359375
4259,0.1953125,-0.4296875
4260,0.19921875,-0.4296875
4261,0.1953125,-0.42578125
4262,0.19921875,-0.42578125
4284,0.19921875,-0.421875
4295,0.203125,-0.421875
4286,0.19921875,-0.41796875
4297,0.203125,-0.41796875
4292,0.19921875,-0.4140625
4303,0.203125,-0.4140625
4294,0.19921875,-0.41015625
4305,0.203125,-0.41015625
4346,0.203125,-0.40625
4347,0.20703125,-0.40625
4348,0.203125,-0.40234375
4349,0.20703125,-0.40234375
4354,0.203125,-0.3984375
4355,0.20703125,-0.3984375
4356,0.203125,-0.39453125
4357,0.20703125,-0.39453125
4378,0.203125,-0.390625
4379,0.20703125,-0.390625
4380,0.203125,-0.38671875
4381,0.20703125,-0.38671875
4386,0.203125,-0.3828125
4387,0.20703125,-0.3828125
4388,0.203125,-0.37890625
4389,0.20703125,-0.37890625
4609,0.20703125,-0.375
4612,0.2109375,-0.375
4437,0.01171875,-0.36328125
4446,0.015625,-0.3671875
4448,0.015625,-0.36328125
4459,0.01171875,-0.359375
4470,0.015625,-0.359375
4440,0.015625,-0.37109375
4441,0.01953125,-0.37109375
4447,0.01953125,-0.3671875
4460,0.0078125,-0.35546875
4461,0.01171875,-0.35546875
4466,0.0078125,-0.3515625
4467,0.01171875,-0.3515625
4465,0.00390625,-0.34765625
4468,0.0078125,-0.34765625
4503,0.00390625,-0.34375
4506,0.0078125,-0.34375
4505,0.00390625,-0.33984375
4508,0.0078125,-0.33984375
4510,0,-0.3359375
4511,0.00390625,-0.3359375
4513,0.00390625,-0.33203125
4611,0.20703125,-0.37109375
4614,0.2109375,-0.37109375
4617,0.20703125,-0.3671875
4620,0.2109375,-0.3671875
4619,0.20703125,-0.36328125
4622,0.2109375,-0.36328125
4641,0.20703125,-0.359375
4644,0.2109375,-0.359375
4643,0.20703125,-0.35546875
4646,0.2109375,-0.35546875
4649,0.20703125,-0.3515625
4652,0.2109375,-0.3515625
4651,0.20703125,-0.34765625
4654,0.2109375,-0.34765625
4700,0.203125,-0.34375
4701,0.20703125,-0.34375
4702,0.203125,-0.33984375
4703,0.20703125,-0.33984375
4708,0.203125,-0.3359375
4709,0.20703125,-0.3359375
4710,0.203125,-0.33203125
4711,0.20703125,-0.33203125
4732,0.203125,-0.328125
4733,0.20703125,-0.328125
4734,0.203125,-0.32421875
4735,0.20703125,-0.32421875
4740,0.203125,-0.3203125
4741,0.20703125,-0.3203125
4742,0.203125,-0.31640625
4743,0.20703125,-0.31640625
4819,0.203125,-0.3125
4820,0.20703125,-0.3125
4810,0.19921875,-0.30859375
4821,0.203125,-0.30859375
4816,0.19921875,-0.3046875
4827,0.203125,-0.3046875
4818,0.19921875,-0.30078125
4829,0.203125,-0.30078125
4840,0.19921875,-0.296875
4851,0.203125,-0.296875
4842,0.19921875,-0.29296875
4853,0.203125,-0.29296875
4848,0.19921875,-0.2890625
4859,0.203125,-0.2890625
4849,0.1953125,-0.28515625
4850,0.19921875,-0.28515625
4878,0.1953125,-0.28125
4879,0.19921875,-0.28125
4880,0.1953125,-0.27734375
4881,0.19921875,-0.27734375
4886,0.1953125,-0.2734375
4887,0.19921875,-0.2734375
4885,0.19140625,-0.26953125
4888,0.1953125,-0.26953125
4903,0.19140625,-0.265625
4906,0.1953125,-0.265625
4905,0.19140625,-0.26171875
4908,0.1953125,-0.26171875
4911,0.19140625,-0.2578125
4914,0.1953125,-0.2578125
4912,0.1875,-0.25390625
4913,0.19140625,-0.25390625
5066,0.1875,-0.25
5067,0.19140625,-0.25
4979,0.18359375,-0.2421875
5068,0.1875,-0.24609375
5074,0.1875,-0.2421875
4981,0.18359375,-0.23828125
5076,0.1875,-0.23828125
4994,0.18359375,-0.234375
5087,0.1875,-0.234375
4995,0.1796875,-0.23046875
4996,0.18359375,-0.23046875
5001,0.1796875,-0.2265625
5002,0.18359375,-0.2265625
5020,0.17578125,-0.21875
5003,0.1796875,-0.22265625
5023,0.1796875,-0.21875
5004,0.18359375,-0.22265625
5022,0.17578125,-0.21484375
5025,0.1796875,-0.21484375
5027,0.171875,-0.2109375
5028,0.17578125,-0.2109375
5029,0.171875,-0.20703125
5030,0.17578125,-0.20703125
5051,0.171875,-0.203125
5052,0.17578125,-0.203125
5042,0.16796875,-0.19921875
5053,0.171875,-0.19921875
5048,0.16796875,-0.1953125
5059,0.171875,-0.1953125
5049,0.1640625,-0.19140625
5050,0.16796875,-0.19140625
5155,0.1640625,-0.1875
5156,0.16796875,-0.1875
5069,0.19140625,-0.24609375
5148,0.15234375,-0.1640625
5181,0.15625,-0.16796875
5187,0.15625,-0.1640625
5150,0.15234375,-0.16015625
5189,0.15625,-0.16015625
5215,0.1484375,-0.15625
5216,0.15234375,-0.15625
5160,0.16015625,-0.1796875
5157,0.1640625,-0.18359375
5163,0.1640625,-0.1796875
5158,0.16796875,-0.18359375
5162,0.16015625,-0.17578125
5165,0.1640625,-0.17578125
5179,0.15625,-0.171875
5180,0.16015625,-0.171875
5182,0.16015625,-0.16796875
5220,0.14453125,-0.1484375
5217,0.1484375,-0.15234375
5223,0.1484375,-0.1484375
5218,0.15234375,-0.15234375
5222,0.14453125,-0.14453125
5225,0.1484375,-0.14453125
5244,0.14453125,-0.140625
5247,0.1484375,-0.140625
5242,0.13671875,-0.12890625
5251,0.140625,-0.1328125
5253,0.140625,-0.12890625
5376,0.13671875,-0.125
5387,0.140625,-0.125
5245,0.140625,-0.13671875
5246,0.14453125,-0.13671875
5252,0.14453125,-0.1328125
5377,0.1328125,-0.12109375
5378,0.13671875,-0.12109375
5383,0.1328125,-0.1171875
5384,0.13671875,-0.1171875
5382,0.12890625,-0.11328125
5385,0.1328125,-0.11328125
5404,0.12890625,-0.109375
5407,0.1328125,-0.109375
5406,0.12890625,-0.10546875
5409,0.1328125,-0.10546875
5411,0.125,-0.1015625
5412,0.12890625,-0.1015625
5413,0.125,-0.09765625
5414,0.12890625,-0.09765625
5473,0.12890625,-0.09375
5476,0.1328125,-0.09375
5539,0.17578125,-0.09375
5470,0.1796875,-0.09765625
5542,0.1796875,-0.09375
5471,0.18359375,-0.09765625
5543,0.18359375,-0.09375
5574,0.1875,-0.09765625
5645,0.1875,-0.09375
5478,0.1328125,-0.08984375
5477,0.13671875,-0.09375
5479,0.13671875,-0.08984375
5488,0.140625,-0.09375
5490,0.140625,-0.08984375
5489,0.14453125,-0.09375
5491,0.14453125,-0.08984375
5492,0.1484375,-0.09375
5494,0.1484375,-0.08984375
5493,0.15234375,-0.09375
5495,0.15234375,-0.08984375
5522,0.15625,-0.09375
5524,0.15625,-0.08984375
5523,0.16015625,-0.09375
5525,0.16015625,-0.08984375
5526,0.1640625,-0.09375
5528,0.1640625,-0.08984375
5527,0.16796875,-0.09375
5529,0.16796875,-0.08984375
5538,0.171875,-0.09375
5540,0.171875,-0.08984375
5541,0.17578125,-0.08984375
5575,0.19140625,-0.09765625
5646,0.19140625,-0.09375
5578,0.1953125,-0.09765625
5649,0.1953125,-0.09375
5579,0.19921875,-0.09765625
5650,0.19921875,-0.09375
5590,0.203125,-0.09765625
5658,0.203125,-0.09375
5589,0.20703125,-0.1015625
5591,0.20703125,-0.09765625
5592,0.2109375,-0.1015625
5594,0.2109375,-0.09765625
5593,0.21484375,-0.1015625
5595,0.21484375,-0.09765625
5621,0.21875,-0.1015625
5623,0.21875,-0.09765625
5622,0.22265625,-0.1015625
5624,0.22265625,-0.09765625
5625,0.2265625,-0.1015625
5627,0.2265625,-0.09765625
5626,0.23046875,-0.1015625
5628,0.23046875,-0.09765625
5637,0.234375,-0.1015625
5639,0.234375,-0.09765625
5642,0.24609375,-0.1015625
5744,0.25,-0.10546875
5750,0.25,-0.1015625
5638,0.23828125,-0.1015625
5640,0.23828125,-0.09765625
5641,0.2421875,-0.1015625
5643,0.2421875,-0.09765625
5644,0.24609375,-0.09765625
5745,0.25390625,-0.10546875
5751,0.25390625,-0.1015625
5748,0.2578125,-0.10546875
5754,0.2578125,-0.1015625
5749,0.26171875,-0.10546875
5755,0.26171875,-0.1015625
5760,0.265625,-0.10546875
5766,0.265625,-0.1015625
5761,0.26953125,-0.10546875
5767,0.26953125,-0.1015625
5764,0.2734375,-0.10546875
5770,0.2734375,-0.1015625
5765,0.27734375,-0.10546875
5771,0.27734375,-0.1015625
5796,0.28125,-0.10546875
5802,0.28125,-0.1015625
5797,0.28515625,-0.10546875
5803,0.28515625,-0.1015625
5800,0.2890625,-0.10546875
5806,0.2890625,-0.1015625
5801,0.29296875,-0.10546875
5807,0.29296875,-0.1015625
5812,0.296875,-0.10546875
5818,0.296875,-0.1015625
5813,0.30078125,-0.10546875
5819,0.30078125,-0.1015625
5816,0.3046875,-0.10546875
5822,0.3046875,-0.1015625
5817,0.30859375,-0.10546875
5823,0.30859375,-0.1015625
5904,0.3125,-0.10546875
5910,0.3125,-0.1015625
5905,0.31640625,-0.10546875
5911,0.31640625,-0.1015625
5908,0.3203125,-0.10546875
5914,0.3203125,-0.1015625
5915,0.32421875,-0.1015625
5917,0.32421875,-0.09765625
5926,0.328125,-0.1015625
5928,0.328125,-0.09765625
5927,0.33203125,-0.1015625
5929,0.33203125,-0.09765625
5930,0.3359375,-0.1015625
5932,0.3359375,-0.09765625
5931,0.33984375,-0.1015625
5933,0.33984375,-0.09765625
5952,0.34375,-0.1015625
5954,0.34375,-0.09765625
5953,0.34765625,-0.1015625
5955,0.34765625,-0.09765625
5956,0.3515625,-0.1015625
5958,0.3515625,-0.09765625
5957,0.35546875,-0.1015625
5959,0.35546875,-0.09765625
5970,0.359375,-0.09765625
6018,0.359375,-0.09375
5971,0.36328125,-0.09765625
6019,0.36328125,-0.09375
5974,0.3671875,-0.09765625
6022,0.3671875,-0.09375
5975,0.37109375,-0.09765625
6023,0.37109375,-0.09375
6061,0.375,-0.09765625
6104,0.375,-0.09375
6105,0.37890625,-0.09375
6107,0.37890625,-0.08984375
6108,0.3828125,-0.09375
6110,0.3828125,-0.08984375
6109,0.38671875,-0.09375
6111,0.38671875,-0.08984375
6120,0.390625,-0.09375
6122,0.390625,-0.08984375
6123,0.39453125,-0.08984375
6129,0.39453125,-0.0859375
6126,0.3984375,-0.08984375
6132,0.3984375,-0.0859375
6127,0.40234375,-0.08984375
6133,0.40234375,-0.0859375
6159,0.40625,-0.08984375
6165,0.40625,-0.0859375
6166,0.41015625,-0.0859375
6168,0.41015625,-0.08203125
6169,0.4140625,-0.0859375
6171,0.4140625,-0.08203125
6170,0.41796875,-0.0859375
6172,0.41796875,-0.08203125
6183,0.421875,-0.08203125
6205,0.421875,-0.078125
6184,0.42578125,-0.08203125
6206,0.42578125,-0.078125
6209,0.4296875,-0.078125
6211,0.4296875,-0.07421875
6210,0.43359375,-0.078125
6212,0.43359375,-0.07421875
6255,0.4375,-0.07421875
6261,0.4375,-0.0703125
6256,0.44140625,-0.07421875
6262,0.44140625,-0.0703125
6265,0.4453125,-0.0703125
6267,0.4453125,-0.06640625
6266,0.44921875,-0.0703125
6268,0.44921875,-0.06640625
6279,0.453125,-0.06640625
6362,0.453125,-0.0625
6280,0.45703125,-0.06640625
6363,0.45703125,-0.0625
6366,0.4609375,-0.0625
6368,0.4609375,-0.05859375
6369,0.46484375,-0.05859375
6375,0.46484375,-0.0546875
6405,0.46875,-0.05859375
6411,0.46875,-0.0546875
6412,0.47265625,-0.0546875
6414,0.47265625,-0.05078125
6417,0.4765625,-0.05078125
6443,0.4765625,-0.046875
6444,0.48046875,-0.046875
6446,0.48046875,-0.04296875
6457,0.484375,-0.04296875
6465,0.484375,-0.0390625
6466,0.48828125,-0.0390625
6467,0.484375,-0.03515625
6468,0.48828125,-0.03515625
6509,0.48828125,-0.03125
6512,0.4921875,-0.03125
6515,0.4921875,-0.02734375
6516,0.49609375,-0.02734375
6522,0.4921875,-0.0234375
6523,0.49609375,-0.0234375
6526,0.49609375,-0.01953125
6527,0.5,-0.01953125
6549,0.49609375,-0.015625
6550,0.5,-0.015625
6552,0.49609375,-0.01171875
6553,0.5,-0.01171875
6559,0.49609375,-0.0078125
6560,0.5,-0.0078125
6562,0.49609375,-0.00390625
6563,0.5,-0.00390625
10750,0.5,0
6761,-0.26171875,0.0625
6602,-0.2578125,0.05859375
6764,-0.2578125,0.0625
6603,-0.25390625,0.05859375
7435,-0.25,0.0546875
7437,-0.25,0.05859375
6765,-0.25390625,0.0625
6657,-0.31640625,0.1015625
6799,-0.3125,0.09765625
6805,-0.3125,0.1015625
6677,-0.32421875,0.109375
6658,-0.3203125,0.10546875
6680,-0.3203125,0.109375
6659,-0.31640625,0.10546875
6673,-0.33203125,0.1171875
6678,-0.328125,0.11328125
6684,-0.328125,0.1171875
7212,-0.34375,0.125
6671,-0.33984375,0.12109375
7213,-0.33984375,0.125
6674,-0.3359375,0.12109375
7216,-0.3359375,0.125
6675,-0.33203125,0.12109375
6679,-0.32421875,0.11328125
6733,-0.28515625,0.078125
6754,-0.28125,0.07421875
6776,-0.28125,0.078125
6727,-0.30078125,0.08984375
6736,-0.296875,0.0859375
6738,-0.296875,0.08984375
6801,-0.3046875,0.09375
6802,-0.30078125,0.09375
6731,-0.29296875,0.08203125
6737,-0.29296875,0.0859375
6734,-0.2890625,0.08203125
6740,-0.2890625,0.0859375
6735,-0.28515625,0.08203125
6756,-0.2734375,0.0703125
6751,-0.26953125,0.06640625
6757,-0.26953125,0.0703125
6762,-0.265625,0.06640625
6768,-0.265625,0.0703125
6755,-0.27734375,0.07421875
6758,-0.2734375,0.07421875
6777,-0.27734375,0.078125
6763,-0.26171875,0.06640625
6800,-0.30859375,0.09765625
6803,-0.3046875,0.09765625
6806,-0.30859375,0.1015625
6897,-0.37890625,0.1640625
7255,-0.375,0.16015625
7261,-0.375,0.1640625
6899,-0.37890625,0.16796875
7263,-0.375,0.16796875
6920,-0.3828125,0.171875
6921,-0.37890625,0.171875
6982,-0.39453125,0.1875
6926,-0.390625,0.18359375
6993,-0.390625,0.1875
6919,-0.38671875,0.17578125
6922,-0.3828125,0.17578125
6924,-0.390625,0.1796875
6925,-0.38671875,0.1796875
6927,-0.38671875,0.18359375
7058,-0.41015625,0.21875
7019,-0.40625,0.21484375
7101,-0.40625,0.21875
6984,-0.39453125,0.19140625
6995,-0.390625,0.19140625
6989,-0.3984375,0.1953125
6990,-0.39453125,0.1953125
6988,-0.40234375,0.19921875
6991,-0.3984375,0.19921875
7010,-0.40234375,0.203125
7013,-0.3984375,0.203125
7011,-0.40625,0.20703125
7012,-0.40234375,0.20703125
7017,-0.40625,0.2109375
7018,-0.40234375,0.2109375
7020,-0.40234375,0.21484375
7060,-0.41015625,0.22265625
7103,-0.40625,0.22265625
7066,-0.41015625,0.2265625
7109,-0.40625,0.2265625
7067,-0.4140625,0.23046875
7068,-0.41015625,0.23046875
7089,-0.4140625,0.234375
7090,-0.41015625,0.234375
7091,-0.4140625,0.23828125
7092,-0.41015625,0.23828125
7097,-0.4140625,0.2421875
7098,-0.41015625,0.2421875
7096,-0.41796875,0.24609375
7099,-0.4140625,0.24609375
8366,-0.41796875,0.25
8369,-0.4140625,0.25
7171,-0.34765625,0.12890625
7214,-0.34375,0.12890625
7176,-0.3515625,0.1328125
7177,-0.34765625,0.1328125
7175,-0.35546875,0.13671875
7178,-0.3515625,0.13671875
7196,-0.359375,0.140625
7197,-0.35546875,0.140625
7193,-0.36328125,0.1484375
7198,-0.359375,0.14453125
7204,-0.359375,0.1484375
7254,-0.37109375,0.15625
7194,-0.3671875,0.15234375
7257,-0.3671875,0.15625
7195,-0.36328125,0.15234375
7199,-0.35546875,0.14453125
7256,-0.37109375,0.16015625
7463,-0.20703125,0.03125
7392,-0.203125,0.02734375
7474,-0.203125,0.03125
7395,-0.19140625,0.0234375
7537,-0.1875,0.01953125
7543,-0.1875,0.0234375
7393,-0.19921875,0.02734375
7394,-0.1953125,0.0234375
7396,-0.1953125,0.02734375
7475,-0.19921875,0.03125
7397,-0.19140625,0.02734375
7443,-0.234375,0.046875
7422,-0.23046875,0.04296875
7444,-0.23046875,0.046875
7425,-0.2265625,0.04296875
7447,-0.2265625,0.046875
7424,-0.22265625,0.0390625
7426,-0.22265625,0.04296875
7466,-0.21875,0.0390625
7468,-0.21875,0.04296875
7436,-0.24609375,0.0546875
7433,-0.2421875,0.05078125
7439,-0.2421875,0.0546875
7432,-0.23828125,0.046875
7434,-0.23828125,0.05078125
7445,-0.234375,0.05078125
7438,-0.24609375,0.05859375
7461,-0.21484375,0.03515625
7462,-0.2109375,0.03125
7464,-0.2109375,0.03515625
7467,-0.21484375,0.0390625
7465,-0.20703125,0.03515625
7540,-0.17578125,0.015625
7529,-0.171875,0.01171875
7551,-0.171875,0.015625
7528,-0.16796875,0.0078125
7525,-0.1640625,0.00390625
7531,-0.1640625,0.0078125
7526,-0.16015625,0.00390625
7530,-0.16796875,0.01171875
7538,-0.18359375,0.01953125
7539,-0.1796875,0.015625
7541,-0.1796875,0.01953125
7544,-0.18359375,0.0234375
7542,-0.17578125,0.01953125
7706,-0.12890625,0.21484375
8095,-0.125,0.2109375
8097,-0.125,0.21484375
7764,-0.1328125,0.21875
7765,-0.12890625,0.21875
7741,-0.16015625,0.2421875
7778,-0.15625,0.23828125
7784,-0.15625,0.2421875
9339,-0.171875,0.25
7739,-0.16796875,0.24609375
9340,-0.16796875,0.25
7742,-0.1640625,0.24609375
9343,-0.1640625,0.25
7743,-0.16015625,0.24609375
7777,-0.15234375,0.234375
7758,-0.1484375,0.23046875
7780,-0.1484375,0.234375
7759,-0.14453125,0.23046875
7768,-0.140625,0.2265625
7770,-0.140625,0.23046875
7781,-0.14453125,0.234375
7763,-0.13671875,0.22265625
7766,-0.1328125,0.22265625
7769,-0.13671875,0.2265625
7779,-0.15234375,0.23828125
8076,-0.09765625,0.1875
7875,-0.09375,0.18359375
8118,-0.09375,0.1875
7870,-0.08203125,0.171875
7859,-0.078125,0.16796875
7881,-0.078125,0.171875
7858,-0.07421875,0.1640625
7855,-0.0703125,0.16015625
7861,-0.0703125,0.1640625
7854,-0.06640625,0.15625
7856,-0.06640625,0.16015625
7966,-0.0625,0.15625
7968,-0.0625,0.16015625
7860,-0.07421875,0.16796875
7874,-0.08984375,0.1796875
7871,-0.0859375,0.17578125
7877,-0.0859375,0.1796875
7872,-0.08203125,0.17578125
7876,-0.08984375,0.18359375
7937,-0.05859375,0.15234375
7967,-0.05859375,0.15625
7940,-0.0546875,0.15234375
7970,-0.0546875,0.15625
7939,-0.05078125,0.1484375
7941,-0.05078125,0.15234375
7952,-0.046875,0.15234375
7982,-0.046875,0.15625
7983,-0.04296875,0.15625
7985,-0.04296875,0.16015625
7988,-0.0390625,0.16015625
7991,-0.04296875,0.1640625
7994,-0.0390625,0.1640625
7993,-0.04296875,0.16796875
7996,-0.0390625,0.16796875
8015,-0.04296875,0.171875
8018,-0.0390625,0.171875
8020,-0.0390625,0.17578125
8021,-0.03515625,0.17578125
8026,-0.0390625,0.1796875
8027,-0.03515625,0.1796875
8028,-0.0390625,0.18359375
8029,-0.03515625,0.18359375
8183,-0.0390625,0.1875
8184,-0.03515625,0.1875
8092,-0.11328125,0.203125
8081,-0.109375,0.19921875
8103,-0.109375,0.203125
8080,-0.10546875,0.1953125
8077,-0.1015625,0.19140625
8083,-0.1015625,0.1953125
8078,-0.09765625,0.19140625
8082,-0.10546875,0.19921875
8090,-0.12109375,0.20703125
8096,-0.12109375,0.2109375
8093,-0.1171875,0.20703125
8099,-0.1171875,0.2109375
8094,-0.11328125,0.20703125
8185,-0.0390625,0.19140625
8186,-0.03515625,0.19140625
8192,-0.03515625,0.1953125
8219,-0.03125,0.1953125
8194,-0.03515625,0.19921875
8221,-0.03125,0.19921875
8202,-0.03515625,0.203125
8227,-0.03125,0.203125
8204,-0.03515625,0.20703125
8229,-0.03125,0.20703125
8210,-0.03515625,0.2109375
8233,-0.03125,0.2109375
8212,-0.03515625,0.21484375
8235,-0.03125,0.21484375
8270,-0.03125,0.21875
8271,-0.02734375,0.21875
8272,-0.03125,0.22265625
8273,-0.02734375,0.22265625
8278,-0.03125,0.2265625
8279,-0.02734375,0.2265625
8280,-0.03125,0.23046875
8281,-0.02734375,0.23046875
8290,-0.03125,0.234375
8291,-0.02734375,0.234375
8293,-0.02734375,0.23828125
8296,-0.0234375,0.23828125
8299,-0.02734375,0.2421875
8302,-0.0234375,0.2421875
8301,-0.02734375,0.24609375
8304,-0.0234375,0.24609375
9438,-0.02734375,0.25
9441,-0.0234375,0.25
8368,-0.41796875,0.25390625
8371,-0.4140625,0.25390625
8374,-0.41796875,0.2578125
8377,-0.4140625,0.2578125
8376,-0.41796875,0.26171875
8379,-0.4140625,0.26171875
8398,-0.41796875,0.265625
8401,-0.4140625,0.265625
8400,-0.41796875,0.26953125
8403,-0.4140625,0.26953125
8409,-0.4140625,0.2734375
8410,-0.41015625,0.2734375
8411,-0.4140625,0.27734375
8412,-0.41015625,0.27734375
8488,-0.4140625,0.28125
8489,-0.41015625,0.28125
8491,-0.41015625,0.28515625
8534,-0.40625,0.28515625
8497,-0.41015625,0.2890625
8540,-0.40625,0.2890625
8542,-0.40625,0.29296875
8543,-0.40234375,0.29296875
8565,-0.40234375,0.296875
8568,-0.3984375,0.296875
8567,-0.40234375,0.30078125
8570,-0.3984375,0.30078125
8576,-0.3984375,0.3046875
8571,-0.39453125,0.30078125
8577,-0.39453125,0.3046875
8588,-0.390625,0.3046875
8590,-0.390625,0.30859375
8591,-0.38671875,0.30859375
8647,-0.38671875,0.3125
8594,-0.3828125,0.30859375
8650,-0.3828125,0.3125
8651,-0.37890625,0.3125
8653,-0.37890625,0.31640625
8893,-0.375,0.3125
8895,-0.375,0.31640625
9052,-0.29296875,0.3125
8833,-0.2890625,0.30859375
9055,-0.2890625,0.3125
8834,-0.28515625,0.30859375
9056,-0.28515625,0.3125
8871,-0.28125,0.30859375
9089,-0.28125,0.3125
8874,-0.26953125,0.3046875
8879,-0.265625,0.30078125
8885,-0.265625,0.3046875
8870,-0.27734375,0.3046875
8872,-0.27734375,0.30859375
8873,-0.2734375,0.3046875
8875,-0.2734375,0.30859375
8876,-0.26953125,0.30859375
8880,-0.26171875,0.30078125
8886,-0.26171875,0.3046875
8883,-0.2578125,0.30078125
8889,-0.2578125,0.3046875
8882,-0.25390625,0.296875
8884,-0.25390625,0.30078125
9259,-0.25,0.296875
9261,-0.25,0.30078125
8894,-0.37109375,0.3125
8896,-0.37109375,0.31640625
8899,-0.3671875,0.31640625
8905,-0.3671875,0.3203125
8900,-0.36328125,0.31640625
8906,-0.36328125,0.3203125
8911,-0.359375,0.31640625
8917,-0.359375,0.3203125
8912,-0.35546875,0.31640625
8918,-0.35546875,0.3203125
8915,-0.3515625,0.31640625
8921,-0.3515625,0.3203125
8916,-0.34765625,0.31640625
8922,-0.34765625,0.3203125
8959,-0.34375,0.31640625
8965,-0.34375,0.3203125
8960,-0.33984375,0.31640625
8966,-0.33984375,0.3203125
8963,-0.3359375,0.31640625
8969,-0.3359375,0.3203125
8964,-0.33203125,0.31640625
8970,-0.33203125,0.3203125
8975,-0.328125,0.31640625
8981,-0.328125,0.3203125
8976,-0.32421875,0.31640625
8982,-0.32421875,0.3203125
8979,-0.3203125,0.31640625
8985,-0.3203125,0.3203125
8980,-0.31640625,0.31640625
8986,-0.31640625,0.3203125
9037,-0.3125,0.31640625
9043,-0.3125,0.3203125
9038,-0.30859375,0.31640625
9039,-0.3046875,0.3125
9041,-0.3046875,0.31640625
9044,-0.30859375,0.3203125
9040,-0.30078125,0.3125
9042,-0.30078125,0.31640625
9051,-0.296875,0.3125
9053,-0.296875,0.31640625
9054,-0.29296875,0.31640625
9215,-0.1953125,0.265625
9194,-0.19140625,0.26171875
9216,-0.19140625,0.265625
9333,-0.1875,0.26171875
9355,-0.1875,0.265625
9208,-0.20703125,0.2734375
9213,-0.203125,0.26953125
9219,-0.203125,0.2734375
9288,-0.21875,0.28125
9206,-0.21484375,0.27734375
9289,-0.21484375,0.28125
9209,-0.2109375,0.27734375
9292,-0.2109375,0.28125
9210,-0.20703125,0.27734375
9214,-0.19921875,0.26953125
9217,-0.1953125,0.26953125
9220,-0.19921875,0.2734375
9238,-0.24609375,0.29296875
9260,-0.24609375,0.296875
9241,-0.2421875,0.29296875
9263,-0.2421875,0.296875
9240,-0.23828125,0.2890625
9242,-0.23828125,0.29296875
9251,-0.234375,0.2890625
9253,-0.234375,0.29296875
9246,-0.23046875,0.28515625
9252,-0.23046875,0.2890625
9249,-0.2265625,0.28515625
9255,-0.2265625,0.2890625
9248,-0.22265625,0.28125
9250,-0.22265625,0.28515625
9290,-0.21875,0.28515625
9332,-0.18359375,0.2578125
9329,-0.1796875,0.25390625
9335,-0.1796875,0.2578125
9330,-0.17578125,0.25390625
9341,-0.171875,0.25390625
9336,-0.17578125,0.2578125
9334,-0.18359375,0.26171875
9443,-0.0234375,0.25390625
9444,-0.01953125,0.25390625
9449,-0.0234375,0.2578125
9450,-0.01953125,0.2578125
9451,-0.0234375,0.26171875
9452,-0.01953125,0.26171875
9469,-0.0234375,0.265625
9470,-0.01953125,0.265625
9472,-0.01953125,0.26953125
9483,-0.015625,0.26953125
9478,-0.01953125,0.2734375
9487,-0.015625,0.2734375
9480,-0.01953125,0.27734375
9489,-0.015625,0.27734375
9502,-0.01953125,0.28125
9513,-0.015625,0.28125
9515,-0.015625,0.28515625
9516,-0.01171875,0.28515625
9521,-0.015625,0.2890625
9522,-0.01171875,0.2890625
9523,-0.015625,0.29296875
9524,-0.01171875,0.29296875
9541,-0.01171875,0.296875
9544,-0.0078125,0.296875
9543,-0.01171875,0.30078125
9546,-0.0078125,0.30078125
9549,-0.01171875,0.3046875
9552,-0.0078125,0.3046875
9554,-0.0078125,0.30859375
9555,-0.00390625,0.30859375
9570,-0.0078125,0.3125
9571,-0.00390625,0.3125
9572,-0.0078125,0.31640625
9573,-0.00390625,0.31640625
9579,-0.00390625,0.3203125
11280,0,0.3203125
9581,-0.00390625,0.32421875
11282,0,0.32421875
9589,-0.00390625,0.328125
11291,0,0.328125
11293,0,0.33203125
9794,0.12890625,0.09375
9741,0.1328125,0.08984375
9797,0.1328125,0.09375
9742,0.13671875,0.08984375
9798,0.13671875,0.09375
9753,0.140625,0.08984375
9809,0.140625,0.09375
9754,0.14453125,0.08984375
9810,0.14453125,0.09375
9757,0.1484375,0.08984375
9813,0.1484375,0.09375
9758,0.15234375,0.08984375
9814,0.15234375,0.09375
9771,0.15625,0.08984375
9857,0.15625,0.09375
9772,0.16015625,0.08984375
9858,0.16015625,0.09375
9775,0.1640625,0.08984375
9861,0.1640625,0.09375
9776,0.16796875,0.08984375
9862,0.16796875,0.09375
9787,0.171875,0.08984375
9873,0.171875,0.09375
9788,0.17578125,0.08984375
9874,0.17578125,0.09375
9877,0.1796875,0.09375
9795,0.125,0.09765625
9796,0.12890625,0.09765625
9801,0.125,0.1015625
9802,0.12890625,0.1015625
9804,0.12890625,0.10546875
9807,0.1328125,0.10546875
9826,0.12890625,0.109375
9829,0.1328125,0.109375
9828,0.12890625,0.11328125
9831,0.1328125,0.11328125
9837,0.1328125,0.1171875
9838,0.13671875,0.1171875
9839,0.1328125,0.12109375
9840,0.13671875,0.12109375
10060,0.13671875,0.125
10071,0.140625,0.125
9879,0.1796875,0.09765625
9878,0.18359375,0.09375
9880,0.18359375,0.09765625
9945,0.1875,0.09375
9947,0.1875,0.09765625
9946,0.19140625,0.09375
9948,0.19140625,0.09765625
9949,0.1953125,0.09375
9951,0.1953125,0.09765625
9950,0.19921875,0.09375
9952,0.19921875,0.09765625
9961,0.203125,0.09375
9963,0.203125,0.09765625
9964,0.20703125,0.09765625
9970,0.20703125,0.1015625
9967,0.2109375,0.09765625
9973,0.2109375,0.1015625
9968,0.21484375,0.09765625
9974,0.21484375,0.1015625
9987,0.21875,0.09765625
9993,0.21875,0.1015625
9988,0.22265625,0.09765625
9994,0.22265625,0.1015625
9991,0.2265625,0.09765625
9997,0.2265625,0.1015625
9992,0.23046875,0.09765625
9998,0.23046875,0.1015625
10003,0.234375,0.09765625
10009,0.234375,0.1015625
10004,0.23828125,0.09765625
10010,0.23828125,0.1015625
10007,0.2421875,0.09765625
10013,0.2421875,0.1015625
10008,0.24609375,0.09765625
10014,0.24609375,0.1015625
10436,0.25,0.1015625
10438,0.25,0.10546875
10062,0.13671875,0.12890625
10073,0.140625,0.12890625
10079,0.140625,0.1328125
10080,0.14453125,0.1328125
10081,0.140625,0.13671875
10082,0.14453125,0.13671875
10099,0.14453125,0.140625
10102,0.1484375,0.140625
10101,0.14453125,0.14453125
10104,0.1484375,0.14453125
10107,0.14453125,0.1484375
10110,0.1484375,0.1484375
10112,0.1484375,0.15234375
10113,0.15234375,0.15234375
10140,0.1484375,0.15625
10141,0.15234375,0.15625
10143,0.15234375,0.16015625
10166,0.15625,0.16015625
10149,0.15234375,0.1640625
10172,0.15625,0.1640625
10174,0.15625,0.16796875
10175,0.16015625,0.16796875
10184,0.15625,0.171875
10185,0.16015625,0.171875
10187,0.16015625,0.17578125
10190,0.1640625,0.17578125
10193,0.16015625,0.1796875
10196,0.1640625,0.1796875
10198,0.1640625,0.18359375
10199,0.16796875,0.18359375
10230,0.1640625,0.1875
10231,0.16796875,0.1875
10232,0.1640625,0.19140625
10233,0.16796875,0.19140625
10239,0.16796875,0.1953125
10248,0.171875,0.1953125
10241,0.16796875,0.19921875
10250,0.171875,0.19921875
10270,0.171875,0.203125
10271,0.17578125,0.203125
10272,0.171875,0.20703125
10273,0.17578125,0.20703125
10278,0.171875,0.2109375
10279,0.17578125,0.2109375
10281,0.17578125,0.21484375
10284,0.1796875,0.21484375
10296,0.17578125,0.21875
10299,0.1796875,0.21875
10301,0.1796875,0.22265625
10302,0.18359375,0.22265625
10307,0.1796875,0.2265625
10308,0.18359375,0.2265625
10309,0.1796875,0.23046875
10310,0.18359375,0.23046875
10318,0.18359375,0.234375
10360,0.1875,0.234375
10320,0.18359375,0.23828125
10362,0.1875,0.23828125
10326,0.18359375,0.2421875
10368,0.1875,0.2421875
10370,0.1875,0.24609375
10371,0.19140625,0.24609375
11439,0.1875,0.25
11440,0.19140625,0.25
10437,0.25390625,0.1015625
10439,0.25390625,0.10546875
10440,0.2578125,0.1015625
10442,0.2578125,0.10546875
10441,0.26171875,0.1015625
10443,0.26171875,0.10546875
10452,0.265625,0.1015625
10454,0.265625,0.10546875
10453,0.26953125,0.1015625
10455,0.26953125,0.10546875
10456,0.2734375,0.1015625
10458,0.2734375,0.10546875
10457,0.27734375,0.1015625
10459,0.27734375,0.10546875
10492,0.28125,0.1015625
10494,0.28125,0.10546875
10493,0.28515625,0.1015625
10495,0.28515625,0.10546875
10496,0.2890625,0.1015625
10498,0.2890625,0.10546875
10497,0.29296875,0.1015625
10499,0.29296875,0.10546875
10508,0.296875,0.1015625
10510,0.296875,0.10546875
10509,0.30078125,0.1015625
10511,0.30078125,0.10546875
10512,0.3046875,0.1015625
10514,0.3046875,0.10546875
10513,0.30859375,0.1015625
10515,0.30859375,0.10546875
10601,0.3125,0.1015625
10603,0.3125,0.10546875
10605,0.3203125,0.1015625
10600,0.32421875,0.09765625
10606,0.32421875,0.1015625
10611,0.328125,0.09765625
10617,0.328125,0.1015625
10602,0.31640625,0.1015625
10604,0.31640625,0.10546875
10607,0.3203125,0.10546875
10612,0.33203125,0.09765625
10618,0.33203125,0.1015625
10615,0.3359375,0.09765625
10621,0.3359375,0.1015625
10616,0.33984375,0.09765625
10622,0.33984375,0.1015625
10651,0.34375,0.09765625
10657,0.34375,0.1015625
10652,0.34765625,0.09765625
10658,0.34765625,0.1015625
10655,0.3515625,0.09765625
10661,0.3515625,0.1015625
10656,0.35546875,0.09765625
10665,0.359375,0.09375
10667,0.359375,0.09765625
10662,0.35546875,0.1015625
10666,0.36328125,0.09375
10668,0.36328125,0.09765625
10669,0.3671875,0.09375
10671,0.3671875,0.09765625
10670,0.37109375,0.09375
10672,0.37109375,0.09765625
11040,0.375,0.09375
11042,0.375,0.09765625
10752,0.49609375,0.00390625
10753,0.5,0.00390625
10759,0.49609375,0.0078125
10760,0.5,0.0078125
10762,0.49609375,0.01171875
10763,0.5,0.01171875
10785,0.49609375,0.015625
10786,0.5,0.015625
10788,0.49609375,0.01953125
10789,0.5,0.01953125
10794,0.4921875,0.0234375
10795,0.49609375,0.0234375
10872,0.48828125,0.03125
10797,0.4921875,0.02734375
10875,0.4921875,0.03125
10798,0.49609375,0.02734375
11124,0.45703125,0.0625
10853,0.4609375,0.05859375
11127,0.4609375,0.0625
10852,0.46484375,0.0546875
10854,0.46484375,0.05859375
10899,0.46875,0.0546875
10901,0.46875,0.05859375
10870,0.48046875,0.04296875
10881,0.484375,0.0390625
10883,0.484375,0.04296875
10895,0.4765625,0.046875
10896,0.48046875,0.046875
10873,0.484375,0.03515625
10874,0.48828125,0.03515625
10882,0.48828125,0.0390625
10894,0.47265625,0.05078125
10897,0.4765625,0.05078125
10900,0.47265625,0.0546875
10955,0.37890625,0.08984375
11041,0.37890625,0.09375
10958,0.3828125,0.08984375
11044,0.3828125,0.09375
10959,0.38671875,0.08984375
11045,0.38671875,0.09375
10970,0.390625,0.08984375
11056,0.390625,0.09375
10969,0.39453125,0.0859375
10971,0.39453125,0.08984375
10972,0.3984375,0.0859375
10974,0.3984375,0.08984375
10973,0.40234375,0.0859375
10975,0.40234375,0.08984375
11016,0.40625,0.0859375
11018,0.40625,0.08984375
11025,0.42578125,0.078125
11006,0.4296875,0.07421875
11028,0.4296875,0.078125
11007,0.43359375,0.07421875
11115,0.4375,0.0703125
11117,0.4375,0.07421875
11029,0.43359375,0.078125
11011,0.41015625,0.08203125
11017,0.41015625,0.0859375
11014,0.4140625,0.08203125
11020,0.4140625,0.0859375
11015,0.41796875,0.08203125
11024,0.421875,0.078125
11026,0.421875,0.08203125
11021,0.41796875,0.0859375
11027,0.42578125,0.08203125
11116,0.44140625,0.0703125
11113,0.4453125,0.06640625
11119,0.4453125,0.0703125
11114,0.44921875,0.06640625
11123,0.453125,0.0625
11125,0.453125,0.06640625
11120,0.44921875,0.0703125
11118,0.44140625,0.07421875
11126,0.45703125,0.06640625
11294,0.00390625,0.33203125
11299,0,0.3359375
11300,0.00390625,0.3359375
11302,0.00390625,0.33984375
11305,0.0078125,0.33984375
11320,0.00390625,0.34375
11323,0.0078125,0.34375
11322,0.00390625,0.34765625
11325,0.0078125,0.34765625
11331,0.0078125,0.3515625
11332,0.01171875,0.3515625
11333,0.0078125,0.35546875
11334,0.01171875,0.35546875
11354,0.01171875,0.359375
11365,0.015625,0.359375
11356,0.01171875,0.36328125
11367,0.015625,0.36328125
11373,0.015625,0.3671875
11374,0.01953125,0.3671875
11375,0.015625,0.37109375
11376,0.01953125,0.37109375
11754,0.01953125,0.375
11757,0.0234375,0.375
11441,0.1875,0.25390625
11442,0.19140625,0.25390625
11448,0.19140625,0.2578125
11451,0.1953125,0.2578125
11450,0.19140625,0.26171875
11453,0.1953125,0.26171875
11465,0.19140625,0.265625
11468,0.1953125,0.265625
11467,0.19140625,0.26953125
11470,0.1953125,0.26953125
11476,0.1953125,0.2734375
11477,0.19921875,0.2734375
11478,0.1953125,0.27734375
11479,0.19921875,0.27734375
11500,0.1953125,0.28125
11501,0.19921875,0.28125
11502,0.1953125,0.28515625
11503,0.19921875,0.28515625
11509,0.19921875,0.2890625
11518,0.203125,0.2890625
11511,0.19921875,0.29296875
11520,0.203125,0.29296875
11531,0.19921875,0.296875
11542,0.203125,0.296875
11533,0.19921875,0.30078125
11544,0.203125,0.30078125
11539,0.19921875,0.3046875
11550,0.203125,0.3046875
11541,0.19921875,0.30859375
11552,0.203125,0.30859375
11586,0.203125,0.3125
11587,0.20703125,0.3125
11588,0.203125,0.31640625
11589,0.20703125,0.31640625
11594,0.203125,0.3203125
11595,0.20703125,0.3203125
11596,0.203125,0.32421875
11597,0.20703125,0.32421875
11618,0.203125,0.328125
11619,0.20703125,0.328125
11620,0.203125,0.33203125
11621,0.20703125,0.33203125
11626,0.203125,0.3359375
11627,0.20703125,0.3359375
11628,0.203125,0.33984375
11629,0.20703125,0.33984375
11666,0.203125,0.34375
11667,0.20703125,0.34375
11669,0.20703125,0.34765625
11672,0.2109375,0.34765625
11675,0.20703125,0.3515625
11678,0.2109375,0.3515625
11677,0.20703125,0.35546875
11680,0.2109375,0.35546875
11699,0.20703125,0.359375
11702,0.2109375,0.359375
11701,0.20703125,0.36328125
11704,0.2109375,0.36328125
11707,0.20703125,0.3671875
11710,0.2109375,0.3671875
11709,0.20703125,0.37109375
11712,0.2109375,0.37109375
12321,0.20703125,0.375
12324,0.2109375,0.375
11756,0.01953125,0.37890625
11759,0.0234375,0.37890625
11765,0.0234375,0.3828125
11766,0.02734375,0.3828125
11767,0.0234375,0.38671875
11768,0.02734375,0.38671875
11782,0.02734375,0.390625
11810,0.03125,0.390625
11812,0.03125,0.39453125
11813,0.03515625,0.39453125
11818,0.03125,0.3984375
11819,0.03515625,0.3984375
11821,0.03515625,0.40234375
11824,0.0390625,0.40234375
11858,0.03515625,0.40625
11861,0.0390625,0.40625
11863,0.0390625,0.41015625
11864,0.04296875,0.41015625
11870,0.04296875,0.4140625
11881,0.046875,0.4140625
11883,0.046875,0.41796875
11884,0.05078125,0.41796875
11905,0.046875,0.421875
11906,0.05078125,0.421875
11908,0.05078125,0.42578125
11911,0.0546875,0.42578125
11917,0.0546875,0.4296875
11918,0.05859375,0.4296875
11920,0.05859375,0.43359375
11953,0.0625,0.43359375
12021,0.0625,0.4375
12022,0.06640625,0.4375
12024,0.06640625,0.44140625
12027,0.0703125,0.44140625
12033,0.0703125,0.4453125
12034,0.07421875,0.4453125
12036,0.07421875,0.44921875
12047,0.078125,0.44921875
12069,0.078125,0.453125
12070,0.08203125,0.453125
12072,0.08203125,0.45703125
12075,0.0859375,0.45703125
12081,0.0859375,0.4609375
12076,0.08984375,0.45703125
12082,0.08984375,0.4609375
12120,0.09375,0.4609375
12122,0.09375,0.46484375
12123,0.09765625,0.46484375
12184,0.09765625,0.46875
12126,0.1015625,0.46484375
12187,0.1015625,0.46875
12188,0.10546875,0.46875
12190,0.10546875,0.47265625
12199,0.109375,0.46875
12201,0.109375,0.47265625
12202,0.11328125,0.47265625
12208,0.11328125,0.4765625
12205,0.1171875,0.47265625
12211,0.1171875,0.4765625
12206,0.12109375,0.47265625
12212,0.12109375,0.4765625
12608,0.125,0.4765625
12610,0.125,0.48046875
12322,0.203125,0.37890625
12323,0.20703125,0.37890625
12328,0.203125,0.3828125
12329,0.20703125,0.3828125
12330,0.203125,0.38671875
12331,0.20703125,0.38671875
12352,0.203125,0.390625
12353,0.20703125,0.390625
12354,0.203125,0.39453125
12355,0.20703125,0.39453125
12360,0.203125,0.3984375
12361,0.20703125,0.3984375
12362,0.203125,0.40234375
12363,0.20703125,0.40234375
12412,0.203125,0.40625
12413,0.20703125,0.40625
12403,0.19921875,0.41015625
12414,0.203125,0.41015625
12409,0.19921875,0.4140625
12420,0.203125,0.4140625
12411,0.19921875,0.41796875
12422,0.203125,0.41796875
12433,0.19921875,0.421875
12444,0.203125,0.421875
12434,0.1953125,0.42578125
12435,0.19921875,0.42578125
12440,0.1953125,0.4296875
12441,0.19921875,0.4296875
12439,0.19140625,0.43359375
12442,0.1953125,0.43359375
12745,0.19140625,0.4375
12748,0.1953125,0.4375
12567,0.18359375,0.44921875
12752,0.1875,0.4453125
12754,0.1875,0.44921875
12589,0.18359375,0.453125
12776,0.1875,0.453125
12677,0.16796875,0.46875
12594,0.171875,0.46484375
12688,0.171875,0.46875
12593,0.17578125,0.4609375
12590,0.1796875,0.45703125
12596,0.1796875,0.4609375
12591,0.18359375,0.45703125
12595,0.17578125,0.46484375
12609,0.12890625,0.4765625
12611,0.12890625,0.48046875
12612,0.1328125,0.4765625
12614,0.1328125,0.48046875
12613,0.13671875,0.4765625
12615,0.13671875,0.48046875
12624,0.140625,0.4765625
12626,0.140625,0.48046875
12628,0.1484375,0.4765625
12623,0.15234375,0.47265625
12629,0.15234375,0.4765625
12674,0.15625,0.47265625
12680,0.15625,0.4765625
12625,0.14453125,0.4765625
12627,0.14453125,0.48046875
12630,0.1484375,0.48046875
12675,0.16015625,0.47265625
12676,0.1640625,0.46875
12678,0.1640625,0.47265625
12681,0.16015625,0.4765625
12679,0.16796875,0.47265625
12747,0.19140625,0.44140625
12750,0.1953125,0.44140625
12753,0.19140625,0.4453125
13075,0.50390625,0
